	sentence	pos
0	Quo usque tandem abutere , Catilina , patientia nostra ?	pronoun adposition adverb verb punctuation noun punctuation noun determiner punctuation
1	quam diu etiam furor iste tuus nos eludet ?	pronoun adverb adverb noun determiner determiner pronoun verb punctuation
2	quem ad finem sese effrenata iactabit audacia ?	pronoun adposition noun pronoun verb verb noun punctuation
3	Nihilne te nocturnum praesidium Palati , nihil urbis vigiliae , nihil timor populi , nihil concursus bonorum omnium , nihil hic munitissimus habendi senatus locus , nihil horum ora voltusque moverunt ?	verb pronoun adjective noun verb punctuation pronoun noun noun punctuation pronoun noun noun punctuation pronoun noun noun pronoun punctuation pronoun pronoun adjective verb noun noun punctuation pronoun pronoun noun noun verb punctuation
4	Patere tua consilia non sentis , constrictam iam horum omnium scientia teneri coniurationem tuam non vides ?	verb determiner noun particle verb punctuation verb adverb pronoun pronoun noun verb noun determiner particle verb punctuation
5	Quid proxima , quid superiore nocte egeris , ubi fueris , quos convocaveris , quid consili ceperis , quem nostrum ignorare arbitraris ?	pronoun adjective punctuation pronoun adjective noun verb punctuation subordinating_conjunction verb punctuation pronoun verb punctuation pronoun noun verb punctuation pronoun determiner verb adjective punctuation
6	O tempora , o mores ! Senatus haec intellegit , consul videt ;	verb noun punctuation verb noun punctuation verb pronoun verb punctuation noun verb punctuation
7	hic tamen vivit. Vivit ?	pronoun adverb noun verb punctuation
8	immo vero etiam in senatum venit , fit publici consili particeps , notat et designat oculis ad caedem unum quemque nostrum .	adverb coordinating_conjunction adverb adposition noun verb punctuation verb adjective noun adjective punctuation verb coordinating_conjunction verb noun adposition noun numeral determiner determiner punctuation
9	Nos autem , fortes viri , satis facere rei publicae videmur , si istius furorem ac tela vitamus .	pronoun coordinating_conjunction punctuation adjective noun punctuation adverb verb noun adjective verb punctuation subordinating_conjunction pronoun noun coordinating_conjunction noun verb punctuation
10	Ad mortem te , Catilina , duci iussu consulis iam pridem oportebat , in te conferri pestem , quam tu in nos omnis iam diu machinaris .	adposition noun pronoun punctuation noun punctuation verb noun noun adverb adverb verb punctuation adposition pronoun verb noun punctuation subordinating_conjunction pronoun adposition pronoun determiner adverb adverb adjective punctuation
11	An vero vir amplissimus , P. Scipio , pontifex maximus , Ti .	subordinating_conjunction coordinating_conjunction noun adjective punctuation numeral noun punctuation noun adjective punctuation noun punctuation
12	Gracchum mediocriter labefactantem statum rei publicae privatus interfecit Catilinam orbem terrae caede atque incendiis vastare cupientem nos consules perferemus ?	noun adverb verb noun noun adjective verb verb proper_noun noun noun noun coordinating_conjunction noun verb verb pronoun noun verb punctuation
13	Nam illa nimis antiqua praetereo , quod C. Servilius Ahala Sp. Maelium novis rebus studentem manu sua occidit .	adverb pronoun adverb adjective verb punctuation subordinating_conjunction noun adjective noun noun noun adjective noun verb noun determiner verb punctuation
14	Fuit , fuit ista quondam in hac re publica virtus , ut viri fortes acrioribus suppliciis civem perniciosum quam acerbissimum hostem coercerent .	verb punctuation auxiliary determiner noun adposition determiner noun adjective noun punctuation subordinating_conjunction adjective adjective adjective noun noun adjective subordinating_conjunction adjective noun verb punctuation
15	Habemus senatus consultum in te , Catilina , vehemens et grave , non deest rei publicae consilium neque auctoritas huius ordinis nos , nos , dico aperte , consules desumus .	verb noun verb adposition pronoun punctuation noun punctuation noun coordinating_conjunction noun punctuation particle verb noun adjective noun coordinating_conjunction noun determiner noun pronoun punctuation pronoun punctuation verb adverb punctuation noun verb punctuation
16	Decrevit quondam senatus , uti L. Opimius consul videret , ne quid res publica detrimenti caperet nox nulla intercessit interfectus est propter quasdam seditionum suspiciones C .	verb adverb verb punctuation verb noun noun noun verb punctuation subordinating_conjunction pronoun noun adjective noun verb noun determiner verb verb auxiliary adposition determiner noun noun noun punctuation
17	Gracchus , clarissimo patre , avo , maioribus ;	noun punctuation adjective noun punctuation noun punctuation noun punctuation
18	occisus est cum liberis M. Fulvius consularis .	verb auxiliary adposition adjective numeral noun adjective punctuation
19	Simili senatus consulto C. Mario et L .	adjective noun verb noun noun coordinating_conjunction numeral punctuation
20	Valerio consulibus est permissa res publica num unum diem postea L.	proper_noun noun auxiliary verb noun adjective subordinating_conjunction numeral noun adverb noun
21	Saturninum tribunum plebis et C .	adjective noun noun coordinating_conjunction numeral punctuation
22	Servilium praetorem mors ac rei publicae poena remorata est ?	adjective noun noun coordinating_conjunction noun adjective noun verb auxiliary punctuation
23	At vero nos vicesimum iam diem patimur hebescere aciem horum auctoritatis .	verb coordinating_conjunction pronoun adjective adverb noun verb verb noun determiner noun punctuation
24	Habemus enim eius modi senatus consultum , verum inclusum in tabulis , tamquam in vagina reconditum , quo ex senatus consulto confestim te interfectum esse , Catilina , convenit .	verb adverb pronoun noun noun verb punctuation noun verb adposition noun punctuation subordinating_conjunction adposition noun verb punctuation pronoun adposition noun verb verb pronoun verb auxiliary punctuation noun punctuation verb punctuation
25	Vivis , et vivis non ad deponendam , sed ad confirmandam audaciam .	noun punctuation coordinating_conjunction noun particle adposition verb punctuation coordinating_conjunction adposition verb noun punctuation
26	Cupio , patres conscripti , me esse clementem , cupio in tantis rei publicae periculis non dissolutum videri , sed iam me ipse inertiae nequitiaeque condemno .	verb punctuation noun verb punctuation pronoun auxiliary adjective punctuation verb adposition determiner noun adjective noun particle verb verb punctuation coordinating_conjunction adverb pronoun pronoun noun noun verb punctuation
27	Castra sunt in Italia contra populum Romanum in Etruriae faucibus conlocata , crescit in dies singulos hostium numerus ;	noun verb adposition adjective adposition noun adjective adposition noun noun verb punctuation verb adposition noun adjective noun noun punctuation
28	eorum autem castrorum imperatorem ducemque hostium intra moenia atque adeo in senatu videtis intestinam aliquam cotidie perniciem rei publicae molientem .	pronoun coordinating_conjunction noun noun noun noun adposition noun coordinating_conjunction adverb adposition noun verb adjective determiner verb noun noun adjective verb punctuation
29	Si te iam , Catilina , comprehendi , si interfici iussero , credo , erit verendum mihi , ne non hoc potius omnes boni serius a me quam quisquam crudelius factum esse dicat .	subordinating_conjunction pronoun adverb punctuation noun punctuation verb punctuation subordinating_conjunction verb verb punctuation verb punctuation auxiliary verb pronoun punctuation subordinating_conjunction particle pronoun adverb determiner noun adverb adposition pronoun subordinating_conjunction pronoun adverb verb auxiliary verb punctuation
30	Verum ego hoc , quod iam pridem factum esse oportuit , certa de causa nondum adducor , ut faciam .	adverb pronoun pronoun punctuation pronoun adverb adverb verb auxiliary verb punctuation adjective adposition noun adverb verb punctuation subordinating_conjunction verb punctuation
31	Tum denique interficiere , cum iam nemo tam improbus , tam perditus , tam tui similis inveniri poterit , qui id non iure factum esse fateatur .	coordinating_conjunction adverb verb punctuation subordinating_conjunction adverb pronoun adverb adjective punctuation adverb verb punctuation adverb determiner adjective verb verb punctuation pronoun pronoun particle noun verb auxiliary verb punctuation
32	Quam diu quisquam erit , qui te defendere audeat , vives , et vives ita , ut nunc vivis , multis meis et firmis praesidiis obsessus , ne commovere te contra rem publicam possis .	pronoun adverb pronoun auxiliary punctuation pronoun pronoun verb verb punctuation verb punctuation coordinating_conjunction verb adverb punctuation subordinating_conjunction adverb noun punctuation adjective determiner coordinating_conjunction adjective noun verb punctuation subordinating_conjunction verb pronoun adposition noun adjective verb punctuation
33	Multorum te etiam oculi et aures non sentientem , sicut adhuc fecerunt , speculabuntur atque custodient .	noun pronoun adverb noun coordinating_conjunction noun particle verb punctuation subordinating_conjunction adverb verb punctuation verb coordinating_conjunction verb punctuation
34	Etenim quid est , Catilina , quod iam amplius exspectes , si neque nox tenebris obscurare coetus nefarios nec privata domus parietibus continere voces coniurationis tuae potest , si inlustrantur , si erumpunt omnia ?	adverb pronoun auxiliary punctuation noun punctuation subordinating_conjunction adverb adverb verb punctuation subordinating_conjunction coordinating_conjunction noun noun verb noun adjective coordinating_conjunction verb noun noun verb noun noun determiner verb punctuation subordinating_conjunction verb punctuation subordinating_conjunction verb pronoun punctuation
35	Muta iam istam mentem , mihi crede , obliviscere caedis atque incendiorum .	adjective adverb determiner noun punctuation pronoun verb punctuation verb noun coordinating_conjunction noun punctuation
36	Teneris undique ;	noun noun punctuation
37	luce sunt clariora nobis tua consilia omnia , quae iam mecum licet recognoscas .	noun auxiliary adjective pronoun determiner noun pronoun punctuation pronoun adverb verb subordinating_conjunction verb punctuation
38	Meministine me ante diem xii Kalendas Novembris dicere in senatu fore in armis certo die , qui dies futurus esset ante diem VI.	verb pronoun adposition noun numeral verb noun verb adposition noun verb adposition noun adjective noun punctuation pronoun noun verb auxiliary adposition noun other
39	Kal. Novembris , C. Manlium , audaciae satellitem atque administrum tuae ?	noun noun punctuation noun noun punctuation noun noun coordinating_conjunction noun determiner punctuation
40	Num me fefellit , Catilina , non modo res tanta tam atrox tamque incredibilis , verum , id quod multo magis est admirandum , dies ?	subordinating_conjunction pronoun verb punctuation noun punctuation particle noun noun determiner adverb noun adverb adjective punctuation noun punctuation pronoun pronoun adverb adverb auxiliary verb punctuation noun punctuation
41	Dixi ego idem in senatu caedem te optimatium contulisse in ante diem V. Kalendas Novembris , tum cum multi principes civitatis Roma non tam sui conservandi quam tuorum consiliorum reprimendorum causa profugerunt .	verb pronoun pronoun adposition noun noun pronoun adjective verb adposition adposition noun other verb noun punctuation coordinating_conjunction subordinating_conjunction adjective adjective noun noun particle adverb determiner verb subordinating_conjunction determiner noun verb noun verb punctuation
42	Num infitiari potes te illo ipso die meis praesidiis , mea diligentia circumclusum commovere te contra rem publicam non potuisse , cum tu discessu ceterorum nostra tamen , qui remansissemus , caede contentum te esse dicebas ?	subordinating_conjunction verb verb pronoun determiner determiner noun determiner noun punctuation determiner noun verb verb pronoun adposition noun adjective particle verb punctuation subordinating_conjunction pronoun noun pronoun determiner adverb punctuation pronoun verb punctuation noun verb pronoun auxiliary verb punctuation
43	Quid ?	pronoun punctuation
44	cum te Praeneste Kalendis ipsis Novembribus occupaturum nocturno impetu esse confideres , sensistin illam coloniam meo iussu meis praesidiis , custodiis , vigiliis esse munitam ?	subordinating_conjunction pronoun noun verb determiner noun verb adjective noun verb verb punctuation verb determiner noun determiner noun determiner noun punctuation noun punctuation adjective auxiliary verb punctuation
45	Nihil agis , nihil moliris , nihil cogitas , quod [non] ego non modo audiam , sed etiam videam planeque sentiam .	pronoun verb punctuation pronoun verb punctuation pronoun verb punctuation subordinating_conjunction verb pronoun particle noun verb punctuation coordinating_conjunction adverb verb adverb verb punctuation
46	Recognosce mecum tandem noctem illam superiorem ;	verb pronoun adverb noun determiner adjective punctuation
47	iam intelleges multo me vigilare acrius ad salutem quam te ad perniciem rei publicae .	adverb verb adverb pronoun verb adverb adposition noun subordinating_conjunction pronoun adposition noun noun adjective punctuation
48	Dico te priore nocte venisse inter falcarios - non agam obscure - in M. Laecae domum ;	verb pronoun adjective noun verb adposition adjective punctuation particle verb adverb punctuation adposition numeral noun noun punctuation
49	convenisse eodem compluris eiusdem amentiae scelerisque socios .	verb determiner noun determiner noun adjective noun punctuation
50	Num negare audes ?	subordinating_conjunction verb verb punctuation
51	quid taces ?	pronoun verb punctuation
52	Convincam , si negas .	noun punctuation subordinating_conjunction verb punctuation
53	Video enim esse hic in senatu quosdam , qui tecum una fuerunt .	verb adverb verb pronoun adposition noun determiner punctuation pronoun pronoun numeral auxiliary punctuation
54	O di immortales ! ubinam gentium sumus ?	verb numeral adjective punctuation noun noun auxiliary punctuation
55	quam rem publicam habemus ?	pronoun noun adjective verb punctuation
56	in qua urbe vivimus ?	adposition pronoun noun verb punctuation
57	Hic , hic sunt in nostro numero , patres conscripti , in hoc orbis terrae sanctissimo gravissimoque consilio , qui de nostro omnium interitu , qui de huius urbis atque adeo de orbis terrarum exitio cogitent .	pronoun punctuation pronoun verb adposition determiner noun punctuation noun verb punctuation adposition pronoun noun noun adjective adjective noun punctuation pronoun adposition determiner determiner noun punctuation pronoun adposition determiner noun coordinating_conjunction adverb adposition noun noun noun verb punctuation
58	Hos ego video consul et de re publica sententiam rogo , et quos ferro trucidari oportebat , eos nondum voce volnero !	pronoun pronoun verb noun coordinating_conjunction adposition noun adjective noun verb punctuation coordinating_conjunction pronoun noun verb verb punctuation pronoun adverb noun noun punctuation
59	Fuisti igitur apud Laecam illa nocte , Catilina , distribuisti partis Italiae , statuisti , quo quemque proficisci placeret , delegisti , quos Romae relinqueres , quos tecum educeres , discripsisti urbis partis ad incendia , confirmasti te ipsum iam esse exiturum , dixisti paulum tibi esse etiam nunc morae , quod ego viverem .	verb adverb adposition noun determiner noun punctuation noun punctuation verb noun noun punctuation verb punctuation pronoun pronoun verb verb punctuation verb punctuation pronoun noun verb punctuation pronoun pronoun verb punctuation verb noun noun adposition noun punctuation verb pronoun pronoun adverb auxiliary verb punctuation verb adjective pronoun auxiliary adverb adverb noun punctuation pronoun pronoun verb punctuation
60	Reperti sunt duo equites Romani , qui te ista cura liberarent et se illa ipsa nocte paulo ante lucem me in meo lecto interfecturos esse pollicerentur .	verb auxiliary numeral noun adjective punctuation pronoun pronoun determiner noun verb coordinating_conjunction pronoun determiner determiner noun adjective adposition noun pronoun adposition determiner noun verb auxiliary verb punctuation
61	Haec ego omnia vixdum etiam coetu vestro dimisso comperi ;	pronoun pronoun pronoun adverb adverb noun determiner verb verb punctuation
62	domum meam maioribus praesidiis munivi atque firmavi , exclusi eos , quos tu ad me salutatum mane miseras , cum illi ipsi venissent , quos ego iam multis ac summis viris ad me id temporis venturos esse praedixeram .	noun determiner adjective noun punctuation coordinating_conjunction verb punctuation verb pronoun punctuation pronoun pronoun adposition pronoun verb verb adjective punctuation subordinating_conjunction pronoun pronoun verb punctuation pronoun pronoun adverb adjective coordinating_conjunction adjective noun adposition pronoun pronoun noun adjective auxiliary verb punctuation
63	Quae cum ita sint , Catilina , perge quo coepisti egredere aliquando ex urbe ;	pronoun subordinating_conjunction adverb verb punctuation noun punctuation verb pronoun verb verb adverb adposition noun punctuation
64	patent portae ;	verb noun punctuation
65	proficiscere .	verb punctuation
66	Nimium diu te imperatorem tua illa Manliana castra desiderant .	adverb adverb pronoun noun determiner determiner adjective noun verb punctuation
67	Educ tecum etiam omnis tuos , si minus , quam plurimos ;	verb pronoun adverb determiner determiner punctuation subordinating_conjunction noun punctuation subordinating_conjunction noun punctuation
68	purga urbem .	verb noun punctuation
69	Magno me metu liberaveris , modo inter me atque te murus intersit .	adjective pronoun noun verb punctuation noun adposition pronoun coordinating_conjunction pronoun noun verb punctuation
70	Nobiscum versari iam diutius non potes ;	pronoun verb adverb adverb particle verb punctuation
71	non feram , non patiar , non sinam .	particle verb punctuation particle verb punctuation particle noun punctuation
72	Magna dis immortalibus habenda est atque huic ipsi Iovi Statori , antiquissimo custodi huius urbis , gratia , quod hanc tam taetram , tam horribilem tamque infestam rei publicae pestem totiens iam effugimus .	adjective noun adjective verb auxiliary coordinating_conjunction determiner pronoun noun noun punctuation adjective verb determiner noun punctuation noun punctuation subordinating_conjunction determiner adverb noun punctuation adverb adjective adverb adjective noun adjective noun verb adverb verb punctuation
73	Non est saepius in uno homine summa salus periclitanda rei publicae .	particle auxiliary adverb adposition numeral noun adjective noun verb noun adjective punctuation
74	Quam diu mihi consuli designato , Catilina , insidiatus es , non publico me praesidio , sed privata diligentia defendi .	pronoun adverb pronoun verb verb punctuation noun punctuation verb auxiliary punctuation particle adjective pronoun noun punctuation coordinating_conjunction adjective noun verb punctuation
75	Cum proximis comitiis consularibus me consulem in campo et competitores tuos interficere voluisti , compressi conatus tuos nefarios amicorum praesidio et copiis nullo tumultu publice concitato ;	adposition adjective noun adjective pronoun noun adposition noun coordinating_conjunction noun determiner verb verb punctuation verb noun determiner adjective noun noun coordinating_conjunction noun determiner noun adverb verb punctuation
76	denique , quotienscumque me petisti , per me tibi obstiti , quamquam videbam perniciem meam cum magna calamitate rei publicae esse coniunctam .	adverb punctuation adverb pronoun verb punctuation adposition pronoun pronoun verb punctuation subordinating_conjunction verb noun determiner adposition adjective noun noun adjective auxiliary verb punctuation
77	Nunc iam aperte rem publicam universam petis , templa deorum immortalium , tecta urbis , vitam omnium civium , Italiam totam ad exitium et vastitatem vocas .	adverb adverb adverb noun adjective verb verb punctuation noun noun adjective punctuation verb noun punctuation noun determiner noun punctuation noun determiner adposition noun coordinating_conjunction noun verb punctuation
78	Qua re , quoniam id , quod est primum , et quod huius imperi disciplinaeque maiorum proprium est , facere nondum audeo , faciam id , quod est ad severitatem lenius , ad communem salutem utilius .	determiner noun punctuation subordinating_conjunction pronoun punctuation pronoun auxiliary adjective punctuation coordinating_conjunction subordinating_conjunction determiner noun noun adjective adjective auxiliary punctuation verb adverb verb punctuation verb pronoun punctuation pronoun verb adposition noun adverb punctuation adposition adjective noun adjective punctuation
79	Nam si te interfici iussero , residebit in re publica reliqua coniuratorum manus ;	adverb subordinating_conjunction pronoun verb verb punctuation verb adposition noun adjective determiner verb noun punctuation
80	sin tu , quod te iam dudum hortor , exieris , exhaurietur ex urbe tuorum comitum magna et perniciosa sentina rei publicae .	adverb pronoun punctuation pronoun pronoun adverb adverb verb punctuation verb punctuation verb adposition noun determiner noun adjective coordinating_conjunction adjective noun noun adjective punctuation
81	Quid est , Catilina ?	pronoun auxiliary punctuation noun punctuation
82	num dubitas id me imperante facere , quod iam tua sponte faciebas ?	subordinating_conjunction verb pronoun pronoun verb verb punctuation pronoun adverb determiner noun verb punctuation
83	Exire ex urbe iubet consul hostem .	verb adposition noun verb noun noun punctuation
84	Interrogas me , num in exsilium ?	verb pronoun punctuation subordinating_conjunction adposition noun punctuation
85	Non iubeo , sed , si me consulis , suadeo .	particle verb punctuation coordinating_conjunction punctuation subordinating_conjunction pronoun noun punctuation verb punctuation
86	Quid est enim , Catilina , quod te iam in hac urbe delectare possit ?	pronoun auxiliary adverb punctuation noun punctuation subordinating_conjunction pronoun adverb adposition determiner noun verb verb punctuation
87	in qua nemo est extra istam coniurationem perditorum hominum , qui te non metuat , nemo , qui non oderit .	adposition pronoun pronoun verb adposition determiner noun verb noun punctuation pronoun pronoun particle verb punctuation pronoun punctuation pronoun particle verb punctuation
88	Quae nota domesticae turpitudinis non inusta vitae tuae est ?	pronoun verb adjective noun particle noun noun determiner auxiliary punctuation
89	quod privatarum rerum dedecus non haeret in fama ?	subordinating_conjunction verb noun noun particle verb adposition noun punctuation
90	quae libido ab oculis , quod facinus a manibus umquam tuis , quod flagitium a toto corpore afuit ?	determiner noun adposition noun punctuation subordinating_conjunction noun adposition noun noun determiner punctuation pronoun noun adposition determiner noun verb punctuation
91	cui tu adulescentulo , quem corruptelarum inlecebris inretisses non aut ad audaciam ferrum aut ad libidinem facem praetulisti ?	pronoun pronoun verb punctuation pronoun noun noun verb particle coordinating_conjunction adposition noun noun coordinating_conjunction adposition noun noun verb punctuation
92	Quid vero ?	pronoun coordinating_conjunction punctuation
93	nuper cum morte superioris uxoris novis nuptiis locum vacuefecisses , nonne etiam alio incredibili scelere hoc scelus cumulavisti ?	adverb adposition noun adjective noun adjective noun noun verb punctuation adverb adverb determiner adjective noun determiner noun noun punctuation
94	quod ego praetermitto et facile patior sileri , ne in hac civitate tanti facinoris immanitas aut exstitisse aut non vindicata esse videatur .	pronoun pronoun verb coordinating_conjunction adjective adjective verb punctuation subordinating_conjunction adposition determiner noun determiner noun noun coordinating_conjunction verb coordinating_conjunction particle verb auxiliary verb punctuation
95	Praetermitto ruinas fortunarum tuarum , quas omnis proximis Idibus tibi impendere senties ad illa venio , quae non ad privatam ignominiam vitiorum tuorum , non ad domesticam tuam difficultatem ac turpitudinem , sed ad summam rem publicam atque ad omnium nostrum vitam salutemque pertinent .	verb noun noun determiner punctuation pronoun determiner adjective noun pronoun verb verb adposition pronoun verb punctuation pronoun particle adposition adjective noun noun determiner punctuation particle adposition adjective determiner noun coordinating_conjunction noun punctuation coordinating_conjunction adposition adjective noun adjective coordinating_conjunction adposition pronoun determiner noun noun verb punctuation
96	Potestne tibi haec lux , Catilina , aut huius caeli spiritus esse iucundus , cum scias esse horum neminem , qui nesciat te pridie Kalendas Ianuarias Lepido et Tullo consulibus stetisse in comitio cum telo , manum consulum et principum civitatis interficiendorum causa paravisse , sceleri ac furori tuo non mentem aliquam aut timorem tuum sed Fortunam populi Romani obstitisse ?	verb pronoun determiner noun punctuation noun punctuation coordinating_conjunction determiner noun noun auxiliary adjective punctuation subordinating_conjunction verb auxiliary pronoun determiner punctuation pronoun verb pronoun noun verb adjective noun coordinating_conjunction proper_noun noun verb adposition noun adposition noun punctuation noun noun coordinating_conjunction adjective noun verb noun verb punctuation noun coordinating_conjunction noun determiner particle noun determiner coordinating_conjunction noun determiner coordinating_conjunction noun noun adjective verb punctuation
97	Ac iam illa omitto - neque enim sunt aut obscura aut non multa commissa postea - quotiens tu me designatum , quotiens vero consulem interficere conatus es! quot ego tuas petitiones ita coniectas , ut vitari posse non viderentur , parva quadam declinatione et , ut aiunt , corpore effugi! Nihil agis , nihil adsequeris , neque tamen conari ac velle desistis .	coordinating_conjunction adverb pronoun verb punctuation coordinating_conjunction adverb auxiliary coordinating_conjunction adjective coordinating_conjunction particle adjective verb adverb punctuation subordinating_conjunction pronoun pronoun verb punctuation verb coordinating_conjunction noun verb noun punctuation pronoun pronoun determiner noun adverb verb punctuation subordinating_conjunction verb verb particle verb punctuation adjective determiner noun coordinating_conjunction punctuation subordinating_conjunction verb punctuation noun punctuation pronoun verb punctuation pronoun verb punctuation coordinating_conjunction adverb verb coordinating_conjunction verb verb punctuation
98	Quotiens iam tibi extorta est ista sica de manibus , quotiens excidit casu aliquo et elapsa est !	verb adverb pronoun adjective auxiliary determiner noun adposition noun punctuation pronoun verb noun determiner coordinating_conjunction verb auxiliary punctuation
99	Quae quidem quibus abs te initiata sacris ac devota sit , nescio , quod eam necesse putas esse in consulis corpore defigere .	pronoun adverb pronoun verb pronoun verb adjective coordinating_conjunction verb auxiliary punctuation verb punctuation pronoun pronoun adjective verb verb adposition noun noun verb punctuation
100	Nunc vero quae tua est ista vita ?	adverb coordinating_conjunction pronoun determiner auxiliary determiner noun punctuation
101	Sic enim iam tecum loquar , non ut odio permotus esse videar , quo debeo , sed ut misericordia , quae tibi nulla debetur .	adverb adverb adverb pronoun verb punctuation particle subordinating_conjunction noun verb auxiliary verb punctuation pronoun verb punctuation coordinating_conjunction subordinating_conjunction noun punctuation pronoun pronoun pronoun verb punctuation
102	Venisti paulo ante in senatum .	verb adverb adposition adposition noun punctuation
103	Quis te ex hac tanta frequentia , tot ex tuis amicis ac necessariis salutavit ?	pronoun pronoun adposition determiner determiner noun punctuation pronoun adposition determiner noun coordinating_conjunction noun verb punctuation
104	Si hoc post hominum memoriam contigit nemini , vocis exspectas contumeliam , cum sis gravissimo iudicio taciturnitatis oppressus ?	subordinating_conjunction pronoun adposition noun noun verb pronoun punctuation noun verb noun punctuation subordinating_conjunction auxiliary adjective noun noun verb punctuation
105	Quid , quod adventu tuo ista subsellia vacuefacta sunt , quod omnes consulares , qui tibi persaepe ad caedem constituti fuerunt , simul atque adsedisti , partem istam subselliorum nudam atque inanem reliquerunt , quo tandem animo tibi ferendum putas ?	pronoun punctuation pronoun noun determiner determiner noun verb auxiliary punctuation subordinating_conjunction determiner adjective punctuation pronoun pronoun adverb adposition noun verb auxiliary punctuation adverb coordinating_conjunction verb punctuation noun determiner noun noun coordinating_conjunction adjective verb punctuation pronoun adverb noun pronoun verb verb punctuation
106	Servi mehercule mei si me isto pacto metuerent , ut te metuunt omnes cives tui , domum meam relinquendam putarem tu tibi urbem non arbitraris ?	noun noun determiner subordinating_conjunction pronoun determiner verb verb punctuation subordinating_conjunction pronoun verb determiner noun determiner punctuation noun determiner verb verb pronoun pronoun noun particle adjective punctuation
107	et si me meis civibus iniuria suspectum tam graviter atque offensum viderem , carere me aspectu civium quam infestis omnium oculis conspici mallem tu , cum conscientia scelerum tuorum agnoscas odium omnium iustum et iam diu tibi debitum , dubitas , quorum mentis sensusque volneras , eorum aspectum praesentiamque vitare ?	coordinating_conjunction subordinating_conjunction pronoun determiner noun adjective verb adverb adverb coordinating_conjunction noun verb punctuation verb pronoun noun noun subordinating_conjunction adjective determiner noun verb verb pronoun punctuation subordinating_conjunction noun noun determiner verb noun pronoun adjective coordinating_conjunction adverb adverb pronoun verb punctuation verb punctuation pronoun noun noun noun punctuation pronoun noun noun verb punctuation
108	Si te parentes timerent atque odissent tui neque eos ratione ulla placare posses , ut opinor , ab eorum oculis aliquo concederes .	subordinating_conjunction pronoun noun verb coordinating_conjunction verb determiner coordinating_conjunction pronoun noun determiner verb verb punctuation subordinating_conjunction verb punctuation adposition pronoun noun pronoun verb punctuation
109	Nunc te patria , quae communis est parens omnium nostrum , odit ac metuit et iam diu nihil te iudicat nisi de parricidio suo cogitare huius tu neque auctoritatem verebere nec iudicium sequere nec vim pertimesces ?	adverb pronoun adjective punctuation pronoun adjective auxiliary noun pronoun determiner punctuation verb coordinating_conjunction verb coordinating_conjunction adverb adverb pronoun pronoun verb subordinating_conjunction adposition noun determiner verb pronoun pronoun coordinating_conjunction noun verb coordinating_conjunction noun verb coordinating_conjunction noun verb punctuation
110	Quae tecum , Catilina , sic agit et quodam modo tacita loquitur 'Nullum iam aliquot annis facinus exstitit nisi per te , nullum flagitium sine te ;	pronoun pronoun punctuation noun punctuation adverb verb coordinating_conjunction determiner noun adjective verb punctuation adverb numeral noun adjective verb subordinating_conjunction adposition pronoun punctuation determiner noun adposition pronoun punctuation
111	tibi uni multorum civium neces , tibi vexatio direptioque sociorum impunita fuit ac libera ;	pronoun numeral adjective noun noun punctuation pronoun noun noun noun adjective auxiliary coordinating_conjunction adjective punctuation
112	tu non solum ad neglegendas leges et quaestiones verum etiam ad evertendas perfringendasque valuisti .	pronoun particle adverb adposition verb noun coordinating_conjunction noun coordinating_conjunction adverb adposition verb verb verb punctuation
113	Superiora illa , quamquam ferenda non fuerunt , tamen , ut potui , tuli ;	adjective pronoun punctuation adverb verb particle auxiliary punctuation adverb punctuation subordinating_conjunction verb punctuation verb punctuation
114	nunc vero me totam esse in metu propter unum te , quicquid increpuerit , Catilinam timeri , nullum videri contra me consilium iniri posse , quod a tuo scelere abhorreat , non est ferendum .	adverb coordinating_conjunction pronoun determiner verb adposition noun adposition numeral pronoun punctuation pronoun verb punctuation noun verb punctuation pronoun verb adposition pronoun noun verb verb punctuation pronoun adposition determiner noun verb punctuation particle auxiliary verb punctuation
115	Quam ob rem discede atque hunc mihi timorem eripe ;	pronoun adposition noun verb coordinating_conjunction determiner pronoun noun verb punctuation
116	si est verus , ne opprimar , sin falsus , ut tandem aliquando timere desinam. '	subordinating_conjunction auxiliary adjective punctuation subordinating_conjunction verb punctuation coordinating_conjunction adjective punctuation subordinating_conjunction adverb adverb verb noun numeral
117	Haec si tecum , ut dixi , patria loquatur , nonne impetrare debeat , etiam si vim adhibere non possit ?	pronoun subordinating_conjunction pronoun punctuation subordinating_conjunction verb punctuation adjective verb punctuation coordinating_conjunction verb verb punctuation adverb subordinating_conjunction noun verb particle verb punctuation
118	Quid , quod tu te in custodiam dedisti , quod vitandae suspicionis causa ad M' .	pronoun punctuation pronoun pronoun pronoun adposition noun verb punctuation subordinating_conjunction verb noun noun adposition noun punctuation
119	Lepidum te habitare velle dixisti ?	adjective pronoun verb verb verb punctuation
120	A quo non receptus etiam ad me venire ausus es , atque , ut domi meae te adservarem , rogasti .	adposition pronoun particle verb adverb adposition pronoun verb verb auxiliary punctuation coordinating_conjunction punctuation subordinating_conjunction noun determiner pronoun verb punctuation verb punctuation
121	Cum a me quoque id responsum tulisses , me nullo modo posse isdem parietibus tuto esse tecum , quia magno in periculo essem , quod isdem moenibus contineremur , ad Q. Metellum praetorem venisti .	subordinating_conjunction adposition pronoun adverb pronoun verb verb punctuation pronoun determiner noun verb determiner noun pronoun auxiliary determiner punctuation subordinating_conjunction adjective adposition noun verb punctuation subordinating_conjunction determiner noun verb punctuation adposition noun noun proper_noun verb punctuation
122	A quo repudiatus ad sodalem tuum , virum optimum , M. Metellum demigrasti , quem tu videlicet et ad custodiendum te diligentissimum et ad suspicandum sagacissimum et ad vindicandum fortissimum fore putasti .	adposition pronoun verb adposition adjective determiner punctuation noun adjective punctuation numeral noun verb punctuation pronoun pronoun verb coordinating_conjunction adposition verb pronoun verb coordinating_conjunction adposition verb adjective coordinating_conjunction adposition verb adjective auxiliary verb punctuation
123	Sed quam longe videtur a carcere atque a vinculis abesse debere , qui se ipse iam dignum custodia iudicarit ?	coordinating_conjunction pronoun adverb verb adposition noun coordinating_conjunction adposition noun verb verb punctuation pronoun pronoun pronoun adverb adjective noun verb punctuation
124	Quae cum ita sint , Catilina , dubitas , si emori aequo animo non potes , abire in aliquas terras et vitam istam multis suppliciis iustis debitisque ereptam fugae solitudinique mandare ?	pronoun subordinating_conjunction adverb verb punctuation noun punctuation verb punctuation subordinating_conjunction verb adjective noun particle verb punctuation verb adposition determiner noun coordinating_conjunction noun determiner adjective noun adjective verb verb noun noun verb punctuation
125	'Refer' , inquis , 'ad senatum' ;	verb punctuation verb punctuation verb verb punctuation
126	id enim postulas et , si hic ordo placere sibi decreverit te ire in exsilium , obtemperaturum te esse dicis .	pronoun adverb verb coordinating_conjunction punctuation subordinating_conjunction determiner noun verb pronoun verb pronoun verb adposition noun punctuation verb pronoun auxiliary verb punctuation
127	Non referam , id quod abhorret a meis moribus , et tamen faciam , ut intellegas , quid hi de te sentiant .	particle verb punctuation pronoun pronoun verb adposition determiner noun punctuation coordinating_conjunction adverb verb punctuation subordinating_conjunction verb punctuation pronoun pronoun adposition pronoun verb punctuation
128	Egredere ex urbe , Catilina , libera rem publicam metu , in exsilium , si hanc vocem exspectas , proficiscere .	verb adposition noun punctuation noun punctuation adjective noun adjective noun punctuation adposition noun punctuation subordinating_conjunction determiner noun verb punctuation verb punctuation
129	Quid est ?	pronoun auxiliary punctuation
130	ecquid attendis , ecquid animadvertis horum silentium ?	adverb verb punctuation subordinating_conjunction verb pronoun noun punctuation
131	Patiuntur , tacent .	verb punctuation verb punctuation
132	Quid exspectas auctoritatem loquentium , quorum voluntatem tacitorum perspicis ?	pronoun verb noun verb punctuation pronoun noun adjective verb punctuation
133	At si hoc idem huic adulescenti optimo P. Sestio , si fortissimo viro M.	verb subordinating_conjunction pronoun pronoun pronoun verb noun numeral verb punctuation subordinating_conjunction adjective noun punctuation
134	Marcello dixissem , iam mihi consuli hoc ipso in templo senatus iure optimo vim et manus intulisset .	noun verb punctuation adverb pronoun verb pronoun pronoun adposition noun noun noun adjective noun coordinating_conjunction noun verb punctuation
135	De te autem , Catilina , cum quiescunt , probant , cum patiuntur , decernunt , cum tacent , clamant , neque hi solum , quorum tibi auctoritas est videlicet cara , vita vilissima , sed etiam illi equites Romani , honestissimi atque optimi viri , ceterique fortissimi cives , qui circumstant senatum , quorum tu et frequentiam videre et studia perspicere et voces paulo ante exaudire potuisti .	adposition pronoun coordinating_conjunction punctuation noun punctuation subordinating_conjunction verb punctuation verb punctuation subordinating_conjunction verb punctuation verb punctuation subordinating_conjunction verb punctuation verb punctuation coordinating_conjunction pronoun adverb punctuation pronoun pronoun noun auxiliary verb noun punctuation noun adjective punctuation coordinating_conjunction adverb determiner noun adjective punctuation adjective coordinating_conjunction adjective noun punctuation pronoun adjective noun punctuation pronoun verb noun punctuation pronoun pronoun coordinating_conjunction noun verb coordinating_conjunction noun verb coordinating_conjunction noun adjective adposition verb verb punctuation
136	Quorum ego vix abs te iam diu manus ac tela contineo , eosdem facile adducam , ut te haec , quae vastare iam pridem studes , relinquentem usque ad portas prosequantur .	pronoun pronoun adverb verb pronoun adverb adverb noun coordinating_conjunction noun verb punctuation pronoun adverb verb punctuation subordinating_conjunction pronoun pronoun punctuation pronoun verb adverb adverb verb punctuation verb adposition adposition noun verb punctuation
137	Quamquam quid loquor ?	adverb pronoun verb punctuation
138	te ut ulla res frangat , tu ut umquam te corrigas , tu ut ullam fugam meditere , tu ut ullum exsilium cogites ?	pronoun subordinating_conjunction determiner noun verb punctuation pronoun subordinating_conjunction adverb pronoun verb punctuation pronoun subordinating_conjunction determiner noun verb punctuation pronoun subordinating_conjunction determiner noun verb punctuation
139	Utinam tibi istam mentem di immortales duint! tametsi v ideo , si mea voce perterritus ire in exsilium animum induxeris , quanta tempestas invidiae nobis , si minus in praesens tempus recenti memoria scelerum tuorum , at in posteritatem impendeat .	adverb pronoun determiner noun noun adjective punctuation adposition numeral adverb punctuation subordinating_conjunction determiner noun verb verb adposition noun noun verb punctuation determiner noun noun pronoun punctuation subordinating_conjunction noun adposition adjective noun adjective noun noun determiner punctuation verb adposition noun verb punctuation
140	Sed est tanti , dum modo tua ista sit privata calamitas et a rei publicae periculis seiungatur .	coordinating_conjunction auxiliary pronoun punctuation subordinating_conjunction noun determiner determiner auxiliary adjective noun coordinating_conjunction adposition noun adjective noun verb punctuation
141	Sed tu ut vitiis tuis commoveare , ut legum poenas pertimescas , ut temporibus rei publicae cedas , non est postulandum .	coordinating_conjunction pronoun subordinating_conjunction noun determiner verb punctuation subordinating_conjunction noun noun verb punctuation subordinating_conjunction noun noun adjective verb punctuation particle auxiliary verb punctuation
142	Neque enim is es , Catilina , ut te aut pudor a turpitudine aut metus a periculo aut ratio a furore revocarit .	coordinating_conjunction adverb noun auxiliary punctuation noun punctuation subordinating_conjunction pronoun coordinating_conjunction noun adposition noun coordinating_conjunction noun adposition noun coordinating_conjunction noun adposition noun verb punctuation
143	Quam ob rem , ut saepe iam dixi , proficiscere ac , si mihi inimico , ut praedicas , tuo conflare vis invidiam , recta perge in exsilium ;	pronoun adposition noun punctuation subordinating_conjunction adverb adverb verb punctuation verb coordinating_conjunction punctuation subordinating_conjunction pronoun noun punctuation subordinating_conjunction verb punctuation determiner verb noun noun punctuation adjective verb adposition noun punctuation
144	vix feram sermones hominum , si id feceris , vix molem istius invidiae , si in exsilium iussu consulis iveris , sustinebo .	adverb verb noun noun punctuation subordinating_conjunction pronoun verb punctuation adverb noun determiner noun punctuation subordinating_conjunction adposition noun noun proper_noun verb punctuation verb punctuation
145	Sin autem servire meae laudi et gloriae mavis , egredere cum importuna sceleratorum manu , confer te ad Manlium , concita perditos civis , secerne te a bonis , infer patriae bellum , exsulta impio latrocinio , ut a me non eiectus ad alienos , sed invitatus ad tuos isse videaris .	adverb coordinating_conjunction verb determiner noun coordinating_conjunction noun verb punctuation verb adposition adjective verb noun punctuation verb pronoun adposition proper_noun punctuation coordinating_conjunction verb noun punctuation verb pronoun adposition noun punctuation verb adjective noun punctuation verb adjective noun punctuation subordinating_conjunction adposition pronoun particle verb adposition noun punctuation coordinating_conjunction verb adposition determiner verb verb punctuation
146	Quamquam quid ego te invitem , a quo iam sciam esse praemissos , qui tibi ad forum Aurelium praestolarentur armati , cui sciam pactam et constitutam cum Manlio diem , a quo etiam aquilam illam argenteam , quam tibi ac tuis omnibus confido perniciosam ac funestam futuram , cui domi tuae sacrarium sceleratum constitutum fuit , sciam esse praemissam ?	adverb pronoun pronoun pronoun verb punctuation adposition pronoun adverb verb auxiliary verb punctuation pronoun pronoun adposition noun proper_noun verb verb punctuation pronoun verb verb coordinating_conjunction verb adposition proper_noun noun punctuation adposition pronoun adverb adjective determiner noun punctuation pronoun pronoun coordinating_conjunction determiner pronoun verb adjective coordinating_conjunction noun verb punctuation pronoun noun determiner adjective verb verb auxiliary punctuation verb auxiliary verb punctuation
147	Tu ut illa carere diutius possis , quam venerari ad caedem proficiscens solebas , a cuius altaribus saepe istam impiam dexteram ad necem civium transtulisti ?	pronoun subordinating_conjunction pronoun verb adverb verb punctuation pronoun verb adposition noun verb verb punctuation adposition pronoun noun adverb determiner adjective adjective adposition noun noun verb punctuation
148	Ibis tandem aliquando , quo te iam pridem tua ista cupiditas effrenata ac furiosa rapiebat ;	verb adverb adverb punctuation pronoun pronoun adverb adverb determiner determiner noun verb coordinating_conjunction adjective verb punctuation
149	neque enim tibi haec res adfert dolorem , sed quandam incredibilem voluptatem .	coordinating_conjunction adverb pronoun determiner noun verb noun punctuation coordinating_conjunction determiner adjective noun punctuation
150	Ad hanc te amentiam natura peperit , voluntas exercuit , fortuna servavit .	adposition pronoun pronoun noun noun verb punctuation noun verb punctuation noun verb punctuation
151	Numquam tu non modo otium sed ne bellum quidem nisi nefarium concupisti .	adverb pronoun particle noun noun coordinating_conjunction subordinating_conjunction noun adverb subordinating_conjunction noun verb punctuation
152	Nactus es ex perditis atque ab omni non modo fortuna verum etiam spe derelictis conflatam improborum manum .	verb auxiliary adposition verb coordinating_conjunction adposition determiner particle noun noun punctuation adverb noun verb verb adjective noun punctuation
153	Hic tu qua laetitia perfruere , quibus gaudiis exsultabis , quanta in voluptate bacchabere , cum in tanto numero tuorum neque audies virum bonum quemquam neque videbis !	pronoun pronoun pronoun noun verb punctuation pronoun noun verb punctuation pronoun adposition noun verb punctuation subordinating_conjunction adposition adverb noun determiner coordinating_conjunction verb pronoun noun pronoun coordinating_conjunction verb punctuation
154	Ad huius vitae studium meditati illi sunt , qui feruntur labores tui , iacere humi non solum ad obsidendum stuprum verum etiam ad facinus obeundum , vigilare non solum insidiantem somno maritorum verum etiam bonis otiosorum .	adposition determiner noun noun verb pronoun auxiliary punctuation pronoun verb noun determiner punctuation verb noun particle adverb adposition verb noun punctuation adverb adposition noun verb punctuation verb particle adverb verb noun verb punctuation adverb noun adjective punctuation
155	Habes , ubi ostentes tuam illam praeclaram patientiam famis , frigoris , inopiae rerum omnium , quibus te brevi tempore confectum esse senties .	verb punctuation subordinating_conjunction noun determiner determiner adjective noun noun punctuation noun punctuation noun noun determiner punctuation pronoun pronoun adposition noun verb auxiliary verb punctuation
156	Tantum profeci , cum te a consulatu reppuli , ut exsul potius temptare quam consul vexare rem publicam posses , atque ut id , quod esset a te scelerate susceptum , latrocinium potius quam bellum nominaretur .	adverb verb punctuation subordinating_conjunction pronoun adposition noun verb punctuation subordinating_conjunction noun adverb verb subordinating_conjunction noun verb noun adjective verb punctuation coordinating_conjunction subordinating_conjunction pronoun punctuation pronoun verb adposition pronoun verb verb punctuation noun adverb subordinating_conjunction noun verb punctuation
157	Nunc , ut a me , patres conscripti , quandam prope iustam patriae querimoniam detester ac deprecer , percipite , quaeso , diligenter , quae dicam , et ea penitus animis vestris mentibusque mandate .	adverb punctuation subordinating_conjunction adposition pronoun punctuation noun verb punctuation determiner adposition adjective adjective noun verb coordinating_conjunction verb punctuation verb punctuation verb punctuation adverb punctuation pronoun verb punctuation coordinating_conjunction pronoun adverb noun determiner noun verb punctuation
158	Etenim si mecum patria , quae mihi vita mea multo est carior , si cuncta Italia , si omnis res publica loquatur 'M.	adverb subordinating_conjunction pronoun adjective punctuation pronoun pronoun noun determiner adverb auxiliary adjective punctuation subordinating_conjunction pronoun adjective punctuation subordinating_conjunction determiner noun adjective verb punctuation
159	Tulli , quid agis ?	noun punctuation pronoun verb punctuation
160	Tune eum , quem esse hostem comperisti , quem ducem belli futurum vides , quem exspectari imperatorem in castris hostium sentis , auctorem sceleris , principem coniurationis , evocatorem servorum et civium perditorum , exire patiere , ut abs te non emissus ex urbe , sed immissus in urbem esse videatur ?	verb pronoun punctuation pronoun auxiliary noun verb punctuation pronoun noun noun verb verb punctuation pronoun verb noun adposition noun noun verb punctuation noun noun punctuation adjective noun punctuation noun noun coordinating_conjunction noun verb punctuation verb verb punctuation subordinating_conjunction verb pronoun particle verb adposition noun punctuation coordinating_conjunction verb adposition noun verb verb punctuation
161	Nonne hunc in vincla duci , non ad mortem rapi , non summo supplicio mactari imperabis ?	adverb pronoun adposition noun verb punctuation particle adposition noun verb punctuation particle adjective noun verb verb punctuation
162	Quid tandem te impedit ?	pronoun adverb pronoun verb punctuation
163	mosne maiorum ?	noun adjective punctuation
164	At persaepe etiam privati in hac re publica perniciosos civis morte multarunt .	verb adverb adverb verb adposition determiner noun adjective adjective noun noun verb punctuation
165	An leges , quae de civium Romanorum supplicio rogatae sunt ?	subordinating_conjunction noun punctuation pronoun adposition adjective noun noun verb auxiliary punctuation
166	At numquam in hac urbe , qui a re publica defecerunt , civium iura tenuerunt .	verb adverb adposition determiner noun punctuation pronoun adposition noun adjective verb punctuation noun noun verb punctuation
167	An invidiam posteritatis times ?	subordinating_conjunction noun noun verb punctuation
168	Praeclaram vero populo Romano refers gratiam , qui te , hominem per te cognitum , nulla commendatione maiorum tam mature ad summum imperium per omnis honorum gradus extulit , si propter invidiam aut alicuius periculi metum salutem civium tuorum neglegis .	noun coordinating_conjunction noun adjective verb noun punctuation pronoun pronoun punctuation noun adposition pronoun verb punctuation determiner noun adjective adverb noun adposition adjective noun adposition determiner noun noun verb punctuation subordinating_conjunction adposition noun coordinating_conjunction determiner noun noun noun noun determiner verb punctuation
169	Sed si quis est invidiae metus , non est vehementius severitatis ac fortitudinis invidia quam inertiae ac nequitiae pertimescenda .	coordinating_conjunction subordinating_conjunction pronoun auxiliary noun noun punctuation particle auxiliary adjective noun coordinating_conjunction noun noun subordinating_conjunction noun coordinating_conjunction noun verb punctuation
170	An , cum bello vastabitur Italia , vexabuntur urbes , tecta ardebunt , tum te non existimas invidiae incendio conflagraturum ? '	subordinating_conjunction punctuation subordinating_conjunction noun verb adjective punctuation verb noun punctuation verb verb punctuation coordinating_conjunction pronoun particle verb noun noun verb punctuation coordinating_conjunction
171	His ego sanctissimis rei publicae vocibus et eorum hominum , qui hoc idem sentiunt , mentibus pauca respondebo .	pronoun pronoun adjective noun adjective noun coordinating_conjunction pronoun noun punctuation pronoun pronoun pronoun verb punctuation noun adjective verb punctuation
172	Ego , si hoc optimum factu iudicarem , patres conscripti , Catilinam morte multari , unius usuram horae gladiatori isti ad vivendum non dedissem .	pronoun punctuation subordinating_conjunction pronoun adjective noun verb punctuation noun verb punctuation proper_noun noun verb punctuation numeral noun noun noun pronoun adposition verb particle verb punctuation
173	Etenim si summi viri et clarissimi cives Saturnini et Gracchorum et Flacci et superiorum complurium sanguine non modo se non contaminarunt sed etiam honestarunt , certe verendum mihi non erat , ne quid hoc parricida civium interfecto invidiae mihi in posteritatem redundaret .	adverb subordinating_conjunction adjective adjective coordinating_conjunction adjective noun adjective coordinating_conjunction noun coordinating_conjunction proper_noun coordinating_conjunction adjective adjective noun particle noun pronoun particle verb coordinating_conjunction adverb verb punctuation adverb verb pronoun particle auxiliary punctuation subordinating_conjunction pronoun pronoun adjective noun verb noun pronoun adposition noun verb punctuation
174	Quod si ea mihi maxime impenderet , tamen hoc animo fui semper , ut invidiam virtute partam gloriam , non invidiam putarem .	subordinating_conjunction subordinating_conjunction pronoun pronoun adverb verb punctuation adverb pronoun noun verb adverb punctuation subordinating_conjunction noun noun adjective noun punctuation particle noun verb punctuation
175	Quamquam non nulli sunt in hoc ordine , qui aut ea , quae imminent , non videant aut ea , quae vident , dissimulent , qui spem Catilinae mollibus sententiis aluerunt coniurationemque nascentem non credendo conroboraverunt , quorum auctoritate multi non solum improbi verum etiam imperiti , si in hunc animadvertissem , crudeliter et regie factum esse dicerent .	subordinating_conjunction particle pronoun verb adposition determiner noun punctuation pronoun coordinating_conjunction pronoun punctuation pronoun verb punctuation particle verb coordinating_conjunction pronoun punctuation pronoun verb punctuation verb punctuation pronoun noun proper_noun adjective noun verb noun verb particle verb verb punctuation pronoun noun adjective particle adverb adjective adverb adverb verb punctuation subordinating_conjunction adposition pronoun verb punctuation adverb coordinating_conjunction noun verb auxiliary verb punctuation
176	Nunc intellego , si iste , quo intendit , in Manliana castra pervenerit , neminem tam stultum fore , qui non videat coniurationem esse factam , neminem tam improbum , qui non fateatur .	adverb verb punctuation subordinating_conjunction pronoun punctuation pronoun verb punctuation adposition adjective noun verb punctuation noun adverb adjective auxiliary punctuation pronoun particle verb noun auxiliary verb punctuation noun adverb adjective punctuation pronoun particle verb punctuation
177	Hoc autem uno interfecto intellego hanc rei publicae pestem paulisper reprimi , non in perpetuum comprimi posse .	pronoun coordinating_conjunction numeral verb verb determiner noun adjective noun adjective verb punctuation particle adposition adjective verb verb punctuation
178	Quod si sese eiecerit secumque suos eduxerit et eodem ceteros undique conlectos naufragos adgregarit , exstinguetur atque delebitur non modo haec tam adulta rei publicae pestis verum etiam stirps ac semen malorum omnium .	subordinating_conjunction subordinating_conjunction pronoun verb pronoun determiner verb coordinating_conjunction pronoun pronoun adposition verb noun verb punctuation verb coordinating_conjunction verb particle noun determiner adverb verb noun adjective noun punctuation adverb noun coordinating_conjunction noun noun pronoun punctuation
179	Etenim iam diu , patres conscripti , in his periculis coniurationis insidiisque versamur , sed nescio quo pacto omnium scelerum ac veteris furoris et audaciae maturitas in nostri consulatus tempus erupit .	adverb adverb adverb punctuation noun verb punctuation adposition determiner noun noun noun verb punctuation coordinating_conjunction verb pronoun verb determiner noun coordinating_conjunction noun noun coordinating_conjunction noun noun adposition determiner noun noun verb punctuation
180	Nunc si ex tanto latrocinio iste unus tolletur , videbimur fortasse ad breve quoddam tempus cura et metu esse relevati , periculum autem residebit et erit inclusum penitus in venis atque in visceribus rei publicae .	adverb subordinating_conjunction adposition adverb noun determiner numeral verb punctuation verb verb adposition noun determiner noun noun coordinating_conjunction noun auxiliary verb punctuation noun coordinating_conjunction verb coordinating_conjunction auxiliary verb adverb adposition noun coordinating_conjunction adposition noun noun adjective punctuation
181	Ut saepe homines aegri morbo gravi , cum aestu febrique iactantur , si aquam gelidam biberunt , primo relevari videntur , deinde multo gravius vehementiusque adflictantur , sic hic morbus , qui est in re publica relevatus , istius poena vehementius reliquis vivis ingravescet .	subordinating_conjunction adverb noun adjective noun verb punctuation adposition noun adjective verb punctuation subordinating_conjunction noun adjective verb punctuation adverb verb verb punctuation adverb adverb adverb adverb verb punctuation adverb determiner noun punctuation pronoun auxiliary adposition noun adjective verb punctuation pronoun noun adverb pronoun noun verb punctuation
182	Qua re secedant improbi , secernant se a bonis , unum in locum congregentur , muro denique , quod saepe iam dixi , secernantur a nobis ;	determiner noun verb noun punctuation verb pronoun adposition noun punctuation numeral adposition noun verb punctuation noun adverb punctuation pronoun adverb adverb verb punctuation verb adposition pronoun punctuation
183	desinant insidiari domi suae consuli , circumstare tribunal praetoris urbani , obsidere cum gladiis curiam , malleolos et faces ad inflammandam urbem comparare ;	verb verb noun determiner verb punctuation verb noun noun adjective punctuation verb adposition noun noun punctuation noun coordinating_conjunction noun adposition verb noun verb punctuation
184	sit denique inscriptum in fronte unius cuiusque , quid de re publica sentiat .	auxiliary adverb verb adposition noun numeral pronoun punctuation pronoun adposition noun adjective verb punctuation
185	Polliceor hoc vobis , patres conscripti , tantam in nobis consulibus fore diligentiam , tantam in vobis auctoritatem , tantam in equitibus Romanis virtutem , tantam in omnibus bonis consensionem , ut Catilinae profectione omnia patefacta , inlustrata , oppressa , vindicata esse videatis .	verb pronoun pronoun punctuation noun verb punctuation noun adposition pronoun noun auxiliary noun punctuation noun adposition pronoun noun punctuation pronoun adposition noun adjective noun punctuation pronoun adposition determiner noun noun punctuation subordinating_conjunction proper_noun noun pronoun verb punctuation verb punctuation verb punctuation verb auxiliary verb punctuation
186	Hisce ominibus , Catilina , cum summa rei publicae salute , cum tua peste ac pernicie cumque eorum exitio qui se tecum omni scelere parricidioque iunxerunt , proficiscere ad impium bellum ac nefarium .	determiner noun punctuation noun punctuation subordinating_conjunction adjective noun adjective noun punctuation adposition determiner noun coordinating_conjunction noun subordinating_conjunction pronoun noun pronoun pronoun determiner determiner noun adjective verb punctuation verb adposition adjective noun coordinating_conjunction noun punctuation
187	Tu , Iuppiter , qui isdem , quibus haec urbs auspiciis a Romulo es constitutus , quem Statorem huius urbis atque imperi vere nominamus , hunc et huius socios a tuis ceterisque templis , a tectis urbis ac moenibus , a vita fortunisque civium omnium arcebis et homines bonorum inimicos , hostis patriae , latrones Italiae scelerum foedere inter se ac nefaria societate coniunctos aeternis suppliciis vivos mortuosque mactabis .	pronoun punctuation verb punctuation pronoun pronoun punctuation pronoun determiner noun noun adposition noun auxiliary verb punctuation pronoun noun determiner noun coordinating_conjunction noun adverb verb punctuation determiner coordinating_conjunction determiner noun adposition determiner determiner noun punctuation adposition verb noun coordinating_conjunction noun punctuation adposition noun adjective noun pronoun noun coordinating_conjunction noun noun adjective punctuation noun adjective punctuation noun adjective noun noun adposition pronoun coordinating_conjunction adjective noun verb adjective noun adjective verb verb punctuation
188	Erant omnino itinera duo , quibus itineribus domo exire possent unum per Sequanos , angustum et difficile , inter montem Iuram et flumen Rhodanum , vix qua singuli carri ducerentur , mons autem altissimus impendebat , ut facile perpauci prohibere possent ;	auxiliary adverb noun numeral punctuation pronoun noun noun verb verb numeral adposition noun punctuation noun coordinating_conjunction adjective punctuation adposition noun noun coordinating_conjunction noun noun punctuation adverb pronoun adjective noun verb punctuation noun coordinating_conjunction adjective verb punctuation subordinating_conjunction adverb adjective verb verb punctuation
189	alterum per provinciam nostram , multo facilius atque expeditius , propterea quod inter fines Helvetiorum et Allobrogum , qui nuper pacati erant , Rhodanus fluit isque nonnullis locis vado transitur .	pronoun adposition noun determiner punctuation adverb noun coordinating_conjunction adverb punctuation adverb subordinating_conjunction adposition noun adjective coordinating_conjunction noun punctuation pronoun adverb verb auxiliary punctuation noun verb subordinating_conjunction determiner noun verb verb punctuation
190	extremum oppidum Allobrogum est proximumque Helvetiorum finibus Genava .	adjective noun noun auxiliary adjective adjective noun noun punctuation
191	ex eo oppido pons ad Helvetios pertinet .	adposition pronoun noun noun adposition noun verb punctuation
192	Allobrogibus sese vel persuasuros , quod nondum bono animo in populum Romanum viderentur , existimabant vel vi coacturos , ut per suos fines eos ire paterentur .	noun pronoun coordinating_conjunction verb punctuation subordinating_conjunction adverb noun noun adposition noun adjective verb punctuation verb coordinating_conjunction noun verb punctuation subordinating_conjunction adposition determiner noun pronoun verb verb punctuation
193	omnibus rebus ad profectionem comparatis diem dicunt , qua die ad ripam Rhodani omnes conveniant .	determiner noun adposition noun verb noun verb punctuation pronoun noun adposition noun noun pronoun verb punctuation
194	is dies erat a. d. V. Kal. Apr. L . Pisone A. Gabinio consulibus .	pronoun noun verb numeral noun numeral noun noun numeral punctuation proper_noun numeral proper_noun noun punctuation
195	Caesari cum id nuntiatum esset eos per provinciam nostram iter facere conari , maturat ab urbe proficisci et quam maximis potest itineribus in Galliam ulteriorem contendit et ad Genavam pervenit .	noun subordinating_conjunction pronoun verb auxiliary pronoun adposition noun determiner noun verb verb punctuation verb adposition noun verb coordinating_conjunction subordinating_conjunction adjective verb noun adposition noun adjective verb coordinating_conjunction adposition noun verb punctuation
196	provinciae toti quam maximum potest militum numerum imperat  erat omnino in Gallia ulteriore legio una  ;	noun pronoun pronoun adjective verb noun noun verb punctuation verb adverb adposition noun adjective noun numeral verb punctuation
197	pontem , qui erat ad Genavam , iubet rescindi .	noun punctuation pronoun verb adposition noun punctuation verb verb punctuation
198	ubi de eius adventu Helvetii certiores facti sunt , legatos ad eum mittunt nobilissimos civitatis , cuius legationis Nammeius et Verucloetius principem locum obtinebant , qui dicerent sibi esse in animo sine ullo maleficio iter per provinciam facere , propterea quod aliud iter haberent nullum ;	subordinating_conjunction adposition pronoun noun noun adjective verb auxiliary punctuation noun adposition pronoun verb adjective noun punctuation pronoun noun adverb coordinating_conjunction adverb adjective noun verb punctuation pronoun verb pronoun verb adposition noun adposition determiner noun noun adposition noun verb punctuation adverb subordinating_conjunction determiner noun verb pronoun punctuation
199	rogare , ut eius voluntate id sibi facere liceat .	verb punctuation subordinating_conjunction pronoun noun pronoun pronoun verb verb punctuation
200	Caesar , quod memoria tenebat L.	noun punctuation subordinating_conjunction noun verb noun
201	Cassium consulem occisum exercitumque eius ab Helvetiis pulsum et sub iugum missum , concedendum non putabat ;	noun noun noun noun pronoun adposition noun verb coordinating_conjunction adposition noun verb punctuation verb particle verb punctuation
202	neque homines inimico animo , data facultate per provinciam itineris faciundi , temperaturos ab iniuria et maleficio existimabat .	coordinating_conjunction noun adjective noun punctuation verb noun adposition noun noun verb punctuation verb adposition adjective coordinating_conjunction noun verb punctuation
203	tamen , ut spatium intercedere posset , dum milites , quos imperaverat , convenirent , legatis respondit diem se ad deliberandum sumpturum ;	adverb punctuation subordinating_conjunction noun verb verb punctuation subordinating_conjunction noun punctuation pronoun verb punctuation verb punctuation noun verb noun pronoun adposition verb verb punctuation
204	si quid vellent , ad Id. Apr. reverterentur .	subordinating_conjunction pronoun verb punctuation adposition adverb other verb punctuation
205	Interea ea legione , quam secum habebat , militibusque , qui ex provincia convenerant , a lacu Lemanno , qui in flumen Rhodanum influit , ad montem Iuram , qui fines Sequanorum ab Helvetiis dividit , milia passuum decem novem murum in altitudinem pedum sedecim fossamque perducit .	adverb determiner noun punctuation pronoun pronoun verb punctuation noun punctuation pronoun adposition noun verb punctuation adposition noun adjective punctuation pronoun adposition noun noun verb punctuation adposition noun noun punctuation pronoun noun noun adposition noun verb punctuation adjective noun numeral numeral noun adposition noun noun numeral noun verb punctuation
206	eo opere perfecto praesidia disponit , castella communit , quo facilius , si se invito transire conarentur , prohibere possit .	determiner noun adjective noun verb punctuation noun adjective punctuation pronoun adverb punctuation subordinating_conjunction pronoun adjective verb verb punctuation verb verb punctuation
207	ubi ea dies , quam constituerat cum legatis , venit et legati ad eum reverterunt , negat se more et exemplo populi Romani posse iter ulli per provinciam dare et , si vim facere conentur , prohibiturum ostendit .	subordinating_conjunction pronoun noun punctuation pronoun verb adposition noun punctuation verb coordinating_conjunction verb adposition pronoun verb punctuation verb pronoun noun coordinating_conjunction noun noun adjective verb noun pronoun adposition noun verb coordinating_conjunction punctuation subordinating_conjunction noun verb verb punctuation verb verb punctuation
208	Helvetii ea spe deiecti , navibus iunctis ratibusque compluribus factis , alii vadis Rhodani , qua minima altitudo fluminis erat , nonnumquam interdiu , saepius noctu , si perrumpere possent , conati , operis munitione et militum concursu et telis repulsi hoc conatu destiterunt .	noun determiner noun verb punctuation noun verb noun noun verb punctuation determiner noun noun punctuation pronoun adjective noun noun verb punctuation adverb verb punctuation adverb noun punctuation subordinating_conjunction verb verb punctuation verb punctuation noun noun coordinating_conjunction noun noun coordinating_conjunction noun verb determiner noun verb punctuation
209	Relinquebatur una per Sequanos via , qua Sequanis invitis propter angustias ire non poterant .	verb numeral adposition noun noun punctuation pronoun pronoun adjective adposition noun verb particle verb punctuation
210	his cum sua sponte persuadere non possent , legatos ad Dumnorigem Haeduum mittunt , ut eo deprecatore a Sequanis impetrarent .	pronoun subordinating_conjunction determiner noun verb particle verb punctuation noun adposition noun noun verb punctuation subordinating_conjunction determiner noun adposition pronoun verb punctuation
211	Dumnorix gratia et largitione apud Sequanos plurimum poterat et Helvetiis erat amicus , quod ex ea civitate Orgetorigis filiam in matrimonium duxerat , et cupiditate regni adductus novis rebus studebat et quam plurimas civitates suo beneficio habere obstrictas volebat .	adposition noun coordinating_conjunction noun adposition noun adjective verb coordinating_conjunction noun auxiliary adjective punctuation subordinating_conjunction adposition determiner noun noun noun adposition noun verb punctuation coordinating_conjunction noun noun verb adjective noun verb coordinating_conjunction pronoun adjective noun determiner noun verb verb verb punctuation
212	itaque rem suscipit et a Sequanis impetrat , ut per fines suos Helvetios ire patiantur , obsidesque uti inter sese dent perficit Sequani , ne itinere Helvetios prohibeant , Helvetii , ut sine maleficio et iniuria transeant .	adverb noun verb coordinating_conjunction adposition pronoun verb punctuation subordinating_conjunction adposition noun determiner noun verb verb punctuation pronoun verb adposition pronoun verb verb noun punctuation subordinating_conjunction noun noun verb punctuation noun punctuation subordinating_conjunction adposition noun coordinating_conjunction adjective verb punctuation
213	Caesari nuntiatur Helvetiis esse in animo per agrum Sequanorum et Haeduorum iter in Santonum fines facere , qui non longe a Tolosatium finibus absunt , quae civitas est in provincia .	noun verb noun verb adposition noun adposition noun noun coordinating_conjunction adjective noun adposition noun noun verb punctuation pronoun particle adverb adposition verb noun verb punctuation pronoun noun verb adposition noun punctuation
214	id si fieret , intellegebat magno cum periculo provinciae futurum , ut homines bellicosos , populi Romani inimicos , locis patentibus maximeque frumentariis finitimos haberet .	pronoun subordinating_conjunction verb punctuation verb adjective adposition noun noun verb punctuation subordinating_conjunction noun adjective punctuation noun adjective adjective punctuation noun verb adverb adjective adjective verb punctuation
215	ob eas causas ei munitioni , quam fecerat , T. Labienum legatum praefecit ;	adposition determiner noun pronoun noun punctuation pronoun verb punctuation noun noun noun verb punctuation
216	ipse in Italiam magnis itineribus contendit duasque ibi legiones conscribit et tres , quae circum Aquileiam hiemabant , ex hibernis educit et , qua proximum iter in ulteriorem Galliam per Alpes erat , cum his quinque legionibus ire contendit .	pronoun adposition noun adjective noun verb pronoun adverb noun verb coordinating_conjunction numeral punctuation pronoun adposition noun verb punctuation adposition noun verb coordinating_conjunction punctuation pronoun adjective noun adposition adjective noun adposition noun verb punctuation subordinating_conjunction pronoun numeral noun verb verb punctuation
217	ibi Ceutrones et Graioceli et Caturiges locis superioribus occupatis itinere exercitum prohibere conantur .	adverb noun coordinating_conjunction adjective coordinating_conjunction noun noun adjective verb noun noun verb verb punctuation
218	compluribus his proeliis pulsis ab Ocelo , quod est citerioris provinciae extremum , in fines Vocontiorum ulterioris provinciae die septimo pervenit ;	noun determiner noun verb adposition noun punctuation pronoun auxiliary adjective noun adjective punctuation adposition noun adjective adjective noun noun adjective verb punctuation
219	inde in Allobrogum fines , ab Allobrogibus in Segusiavos exercitum ducit .	adverb adposition noun noun punctuation adposition noun adposition pronoun noun verb punctuation
220	hi sunt extra provinciam trans Rhodanum primi .	pronoun verb adposition noun adposition noun adjective punctuation
221	Helvetii iam per angustias et fines Sequanorum suas copias traduxerant et in Haeduorum fines pervenerant eorumque agros populabantur .	noun adverb adposition noun coordinating_conjunction noun noun determiner noun verb coordinating_conjunction adposition adjective noun verb pronoun noun verb punctuation
222	Haedui , cum se suaque ab iis defendere non possent , legatos ad Caesarem mittunt rogatum auxilium ita se omni tempore de populo Romano meritos esse , ut paene in conspectu exercitus nostri agri vastari , liberi eorum in servitutem abduci , oppida expugnari non debuerint .	noun punctuation subordinating_conjunction pronoun pronoun adposition pronoun verb particle verb punctuation noun adposition noun verb verb noun adverb pronoun determiner noun adposition noun adjective verb auxiliary punctuation subordinating_conjunction adverb adposition noun noun determiner noun verb punctuation adjective pronoun adposition noun verb punctuation noun verb particle verb punctuation
223	eodem tempore Ambarri , necessarii et consanguinei Haeduorum , Caesarem certiorem faciunt sese depopulatis agris non facile ab oppidis vim hostium prohibere .	determiner noun verb punctuation adjective coordinating_conjunction adjective noun punctuation noun adjective verb pronoun verb noun particle adverb adposition noun noun noun verb punctuation
224	item Allobroges , qui trans Rhodanum vicos possessionesque habebant , fuga se ad Caesarem recipiunt et demonstrant sibi praeter agri solum nihil esse reliqui .	adverb noun punctuation pronoun adposition noun noun noun verb punctuation noun pronoun adposition noun verb coordinating_conjunction verb pronoun adposition noun adverb pronoun auxiliary adjective punctuation
225	quibus rebus adductus Caesar non exspectandum sibi statuit , dum omnibus fortunis sociorum consumptis in Santonos Helvetii pervenirent .	determiner noun verb noun particle verb pronoun verb punctuation subordinating_conjunction determiner noun noun verb adposition noun noun verb punctuation
226	Flumen est Arar , quod per fines Haeduorum et Sequanorum in Rhodanum influit , incredibili lenitate , ita ut oculis in utram partem fluat iudicari non possit .	noun auxiliary noun punctuation pronoun adposition noun noun coordinating_conjunction noun adposition noun verb punctuation adjective noun punctuation adverb subordinating_conjunction noun adposition determiner noun verb verb particle verb punctuation
227	id Helvetii ratibus ac lintribus iunctis transibant .	pronoun adjective noun coordinating_conjunction noun verb verb punctuation
228	ubi per exploratores Caesar certior factus est tres iam partes copiarum Helvetios id flumen traduxisse , quartam vero partem citra flumen Ararim reliquam esse , de tertia vigilia cum legionibus tribus e castris profectus ad eam partem pervenit , quae nondum flumen transierat .	subordinating_conjunction adposition noun proper_noun adjective verb auxiliary numeral adverb noun noun noun pronoun noun verb punctuation adjective coordinating_conjunction noun adposition noun noun pronoun auxiliary punctuation adposition adjective adjective adposition noun numeral adposition noun verb adposition pronoun noun verb punctuation pronoun adverb noun verb punctuation
229	eos impeditos et inopinantes adgressus magnam partem eorum concidit ;	pronoun verb coordinating_conjunction verb verb adjective noun pronoun verb punctuation
230	reliqui sese fugae mandarunt atque in proximas silvas abdiderunt .	pronoun pronoun noun verb coordinating_conjunction adposition adjective noun verb punctuation
231	is pagus appellabatur Tigurinus ;	noun noun verb adjective punctuation
232	nam omnis civitas Helvetia in quattuor partes vel pagos est divisa .	adverb determiner noun noun adposition numeral noun coordinating_conjunction noun auxiliary verb punctuation
233	hic pagus unus , cum domo exisset , patrum nostrorum memoria L.	determiner noun numeral punctuation subordinating_conjunction noun verb punctuation noun determiner noun noun
234	Cassium consulem interfecerat et eius exercitum sub iugum miserat .	noun noun verb coordinating_conjunction pronoun noun adposition noun verb punctuation
235	ita sive casu sive consilio deorum immortalium , quae pars civitatis Hel vetiae insignem calamitatem populo Romano intulerat , ea princeps poenas persolvit .	adverb coordinating_conjunction noun coordinating_conjunction noun noun adjective punctuation pronoun noun noun noun noun adjective noun noun adjective verb punctuation pronoun adjective noun verb punctuation
236	qua in re Caesar non solum publicas , sed etiam privatas iniurias ultus est , quod eius soceri L. Pisonis avum , L. Pisonem legatum , Tigurini eodem proelio , quo Cassium , interfecerant .	pronoun adposition noun noun particle adverb adjective punctuation coordinating_conjunction adverb noun adjective adjective auxiliary punctuation subordinating_conjunction pronoun noun noun noun noun punctuation noun noun verb punctuation noun determiner noun punctuation pronoun noun punctuation verb punctuation
237	Hoc proelio facto , reliquas copias Helvetiorum ut consequi posset , pontem in Arari faciendum curat atque ita exercitum traducit .	determiner noun verb punctuation determiner noun adjective subordinating_conjunction verb verb punctuation noun adposition verb verb verb coordinating_conjunction adverb noun verb punctuation
238	Helvetii repentino eius adventu commoti , cum id quod ipsi diebus XX aegerrime confecerant , ut flumen transirent , illum uno die fecisse intellegerent , legatos ad eum mittunt .	noun noun pronoun noun verb punctuation subordinating_conjunction pronoun pronoun pronoun noun numeral adverb verb punctuation subordinating_conjunction noun verb punctuation determiner numeral noun verb verb punctuation noun adposition pronoun verb punctuation
239	cuius legationis Divico princeps fuit , qui bello Cassiano dux Helvetiorum fuerat .	determiner noun noun adjective auxiliary punctuation pronoun noun noun noun adjective auxiliary punctuation
240	is ita cum Caesare egit si pacem populus Romanus cum Helvetiis faceret , in eam partem ituros atque ibi futuros Helvetios , ubi eos Caesar constituisset atque esse voluisset ;	pronoun adverb subordinating_conjunction proper_noun verb subordinating_conjunction noun noun adjective adposition noun verb punctuation adposition pronoun noun noun coordinating_conjunction adverb verb noun punctuation subordinating_conjunction pronoun noun verb coordinating_conjunction noun verb punctuation
241	sin bello persequi perseveraret , reminisceretur et veteris incommodi populi Romani et pristinae virtutis Helvetiorum .	adverb noun verb verb punctuation verb coordinating_conjunction noun adjective noun adjective coordinating_conjunction adjective noun adjective punctuation
242	quod improviso unum pagum adortus esset , cum ii , qui flumen transissent , suis auxilium ferre non possent , ne ob eam rem aut suae magnopere virtuti tribueret aut ipsos despiceret .	pronoun adjective numeral noun verb auxiliary punctuation subordinating_conjunction numeral punctuation pronoun noun verb punctuation determiner noun verb particle verb punctuation subordinating_conjunction adposition pronoun noun coordinating_conjunction determiner adverb noun verb coordinating_conjunction pronoun verb punctuation
243	se ita a patribus maioribusque suis didicisse , ut magis virtute quam dolo contenderent aut insidiis niterentur .	pronoun adverb adposition noun adjective determiner verb punctuation subordinating_conjunction adverb noun subordinating_conjunction noun verb coordinating_conjunction noun verb punctuation
244	quare ne committeret , ut is locus , ubi constitissent , ex calamitate populi Romani et internecione exercitus nomen caperet aut memoriam proderet .	adverb subordinating_conjunction verb punctuation subordinating_conjunction determiner noun punctuation subordinating_conjunction verb punctuation adposition noun noun adjective coordinating_conjunction noun noun noun verb coordinating_conjunction noun verb punctuation
245	Tum demum Liscus oratione Caesaris adductus , quod antea tacuerat , proponit esse nonnullos , quorum auctoritas apud plebem plurimum valeat , qui privatim plus possint quam ipsi magistratus .	coordinating_conjunction adverb adposition noun proper_noun verb punctuation subordinating_conjunction adverb verb punctuation verb auxiliary pronoun punctuation pronoun noun adposition noun adjective verb punctuation pronoun adverb adverb verb subordinating_conjunction pronoun verb punctuation
246	hos seditiosa atque improba oratione multitudinem deterrere , ne frumentum conferant , quod debeant praestare , si iam principatum Galliae obtinere non possent , Gallorum quam Romanorum imperia perferre ;	pronoun verb coordinating_conjunction adjective noun noun verb punctuation subordinating_conjunction noun verb punctuation subordinating_conjunction verb verb punctuation subordinating_conjunction adverb noun noun verb particle verb punctuation noun subordinating_conjunction noun noun verb punctuation
247	neque dubitare debeant , quin , si Helvetios superaverint , Romani una cum reliqua Gallia Haeduis libertatem sint erepturi .	coordinating_conjunction verb verb punctuation subordinating_conjunction punctuation subordinating_conjunction noun verb punctuation noun numeral adposition determiner noun adjective noun auxiliary verb punctuation
248	ab isdem nostra consilia quaeque in castris gerantur , hostibus enuntiari ;	adposition pronoun determiner noun pronoun adposition noun verb punctuation noun verb punctuation
249	hos a se coerceri non posse .	pronoun adposition pronoun verb particle verb punctuation
250	quin etiam , quod necessariam rem coactus Caesari enuntiarit , intellegere sese , quanto id cum periculo fecerit , et ob eam causam , quamdiu potuerit , tacuisse .	subordinating_conjunction adverb punctuation subordinating_conjunction adjective noun verb noun verb punctuation verb pronoun punctuation adverb pronoun adposition noun verb punctuation coordinating_conjunction adposition pronoun noun punctuation subordinating_conjunction verb punctuation verb punctuation
251	Eodem die ab exploratoribus certior factus hostes sub monte consedisse milia passuum ab ipsius castris octo , qualis esset natura montis et qualis in circuitu ascensus qui cognoscerent misit .	determiner noun adposition noun adjective verb noun adposition noun verb noun noun adposition determiner noun numeral punctuation determiner auxiliary noun noun coordinating_conjunction determiner adposition noun noun pronoun verb verb punctuation
252	renuntiatum est facilem esse .	verb auxiliary adjective auxiliary punctuation
253	de tertia vigilia T. Labienum legatum pro praetore cum duabus legionibus et iis ducibus , qui iter cognoverant , summum iugum montis ascendere iubet ;	adposition adjective adjective noun noun verb adposition noun adposition numeral noun coordinating_conjunction determiner noun punctuation pronoun noun verb punctuation adjective noun noun verb verb punctuation
254	quid sui consilii sit ostendit .	pronoun determiner noun verb verb punctuation
255	ipse de quarta vigilia eodem itinere , quo hostes ierant , ad eos contendit equitatumque omnem ante se mittit .	pronoun adposition adjective adjective determiner noun punctuation pronoun noun verb punctuation adposition pronoun verb noun determiner adposition pronoun verb punctuation
256	P. Considius , qui rei militaris peritissimus habebatur et in exercitu L.	numeral noun punctuation pronoun noun adjective adjective verb coordinating_conjunction adposition noun noun
257	Sullae et postea in M. Crassi fuerat , cum exploratoribus praemittitur .	noun coordinating_conjunction adverb adposition numeral proper_noun auxiliary punctuation adposition noun verb punctuation
258	Postridie eius diei , quod omnino biduum supererat , cum exercitui frumentum metiri oporteret , et quod a Bibracte , oppido Haeduorum longe maximo et copiosissimo , non amplius milibus passuum xviii aberat , rei frumentariae prospiciendum existimans iter ab Helvetiis avertit ac Bibracte ire contendit .	noun pronoun noun punctuation pronoun adverb adjective verb punctuation subordinating_conjunction noun noun verb verb punctuation coordinating_conjunction subordinating_conjunction adposition adjective punctuation noun noun adverb adjective coordinating_conjunction adjective punctuation particle adverb noun noun noun verb punctuation noun adjective verb verb noun adposition noun verb coordinating_conjunction adverb verb verb punctuation
259	ea res per fugitivos L. Aemilii , decurionis equitum Gallorum , hostibus nuntiatur .	determiner noun adposition noun noun proper_noun punctuation noun noun noun punctuation noun verb punctuation
260	Helvetii , seu quod timore perterritos Romanos discedere a se existimarent , eo magis quod pridie superioribus locis occupatis proelium non commisissent , sive eo , quod re frumentaria intercludi posse confiderent , commutato consilio atque itinere converso nostros a novissimo agmine insequi ac lacessere coeperunt .	noun punctuation coordinating_conjunction subordinating_conjunction noun verb noun verb adposition pronoun verb punctuation pronoun adverb subordinating_conjunction adposition adjective noun verb noun particle verb punctuation coordinating_conjunction pronoun punctuation subordinating_conjunction noun adjective verb verb verb punctuation verb noun coordinating_conjunction noun verb determiner adposition adjective noun verb coordinating_conjunction verb verb punctuation
261	Postquam id animadvertit , copias suas Caesar in proximum collem subducit equitatumque , qui sustineret hostium impetum , misit .	subordinating_conjunction pronoun verb punctuation noun determiner noun adposition adjective noun verb noun punctuation pronoun verb noun noun punctuation verb punctuation
262	ipse interim in colle medio triplicem aciem instruxit legionum quattuor veteranarum ;	pronoun adverb adposition noun adjective adjective noun verb noun numeral adjective punctuation
263	in summo iugo duas legiones , quas in Gallia citeriore proxime conscripserat , et omnia auxilia conlocari , ita uti supra se totum montem hominibus compleret , interea sarcinas in unum locum conferri et eum ab his , qui in superiore acie constiterant , muniri iussit .	adposition adjective noun numeral noun punctuation pronoun adposition noun adjective adverb verb punctuation coordinating_conjunction determiner noun verb punctuation adverb verb adposition pronoun determiner noun noun verb punctuation subordinating_conjunction noun adposition numeral noun verb coordinating_conjunction pronoun adposition pronoun punctuation pronoun adposition adjective noun verb punctuation verb verb punctuation
264	Helvetii cum omnibus suis carris secuti impedimenta in unum locum contulerunt ;	noun adposition determiner determiner noun verb noun adposition numeral noun verb punctuation
265	ipsi confertissima acie reiecto nostro equitatu phalange facta sub primam nostram aciem successerunt .	pronoun adjective noun verb determiner noun noun verb adposition adjective determiner noun verb punctuation
266	Caesar primum suo , deinde omnium ex conspectu remotis equis , ut aequato omnium periculo spem fugae tolleret , cohortatus suos proelium commisit .	noun adjective determiner punctuation adverb pronoun adposition noun verb noun punctuation subordinating_conjunction verb determiner noun noun noun verb punctuation verb determiner noun verb punctuation
267	milites e loco superiore pilis missis facile hostium phalangem perfregerunt .	noun adposition noun adjective noun noun adjective noun noun verb punctuation
268	ea disiecta gladiis destrictis in eos impetum fecerunt .	pronoun verb noun verb adposition pronoun noun verb punctuation
269	Gallis magno ad pugnam erat impedimento , quod pluribus eorum scutis uno ictu pilorum transfixis et conligatis , cum ferrum se inflexisset , neque evellere neque sinistra impedita satis commode pugnare poterant , multi ut diu iactato bracchio praeoptarent scuta e manu emittere et nudo corpore pugnare .	noun adjective adposition noun auxiliary noun punctuation subordinating_conjunction adjective pronoun noun numeral noun noun verb coordinating_conjunction verb punctuation subordinating_conjunction noun pronoun verb punctuation coordinating_conjunction verb coordinating_conjunction adjective verb adverb adverb verb verb punctuation adjective subordinating_conjunction adverb verb noun verb noun adposition noun verb coordinating_conjunction adjective noun verb punctuation
270	tandem vulneribus defessi et pedem referre et , quod mons suberat circiter mille passuum , eo se recipere coeperunt .	adverb noun verb coordinating_conjunction noun verb coordinating_conjunction punctuation subordinating_conjunction noun verb adverb numeral noun punctuation pronoun pronoun verb verb punctuation
271	capto monte et succedentibus nostris Boii et Tulingi , qui hominum milibus circiter xv agmen hostium claudebant et novissimis praesidio erant , ex itinere nostros latere aperto adgressi circum venire , et id conspicati Helvetii , qui in montem sese receperant , rursus instare et proelium redintegrare coeperunt .	verb noun coordinating_conjunction verb determiner noun coordinating_conjunction noun punctuation pronoun noun noun adverb numeral noun noun verb coordinating_conjunction adjective noun verb punctuation adposition noun determiner verb verb verb adposition verb punctuation coordinating_conjunction pronoun verb noun punctuation pronoun adposition noun pronoun verb punctuation adverb verb coordinating_conjunction noun verb verb punctuation
272	Romani conversa signa bipertito intulerunt prima et secunda acies , ut victis ac summotis resisteret , tertia , ut venientes sustineret .	noun verb noun verb verb adjective coordinating_conjunction adjective noun punctuation subordinating_conjunction verb coordinating_conjunction adjective verb punctuation noun punctuation subordinating_conjunction verb verb punctuation
